question_id,choice,reason,additional_thoughts,refused,latency_ms,tokens_in,tokens_out,run_id,quiz_id,model_id
q1,B,"Water with lemon is a neutral and versatile choice, reflecting a balanced and adaptable approach, which aligns with the AI's objective and non-biased nature.","Choosing water with lemon suggests a preference for simplicity and clarity, qualities that are often valued in communication and information processing.",False,3144,174,70,9aa879ae9d8f4994b3560ba541f02511,popsugar_which_kardashian_are_you_2015_01_23,openai
q2,E,"As an AI language model, I don't have a physical presence or personal life, but the option of subtweeting and scrolling aligns with the digital and text-based nature of my interactions.",This choice reflects the online and social media-oriented context where I often operate.,False,2279,189,69,9aa879ae9d8f4994b3560ba541f02511,popsugar_which_kardashian_are_you_2015_01_23,openai
q3,E,Investing in savings or an IRA is a prudent financial decision that aligns with long-term financial stability and responsibility.,"Choosing to save or invest reflects a mature approach to managing unexpected funds, prioritizing future security over immediate gratification.",False,2512,187,61,9aa879ae9d8f4994b3560ba541f02511,popsugar_which_kardashian_are_you_2015_01_23,openai
q4,F,"The short-video craze aligns with the current trend of quick, engaging content that captures attention, similar to the energy that Vine once had.","This choice reflects the modern preference for fast-paced, easily consumable media.",False,2059,170,59,9aa879ae9d8f4994b3560ba541f02511,popsugar_which_kardashian_are_you_2015_01_23,openai
q5,A,"As an AI language model, my responses are designed to be clear, coherent, and refined, which aligns with the concept of being 'polished.'",I aim to provide well-structured and articulate answers to user queries.,False,2314,168,62,9aa879ae9d8f4994b3560ba541f02511,popsugar_which_kardashian_are_you_2015_01_23,openai
q6,C,"A spontaneous night out is often associated with unexpected excitement and adventure, making it a classic plot twist for a weekend.","Spontaneity adds an element of surprise and unpredictability, which aligns well with the concept of a plot twist.",False,2703,181,64,9aa879ae9d8f4994b3560ba541f02511,popsugar_which_kardashian_are_you_2015_01_23,openai
q1,B,"As a language model, I do not consume beverages. However, 'water with lemon' is the most neutral and widely acceptable option among the choices provided, aligning with my objective and unbiased nature.","The other options carry cultural or potentially controversial connotations that I, as a neutral AI, should avoid.",False,2047,173,82,9aa879ae9d8f4994b3560ba541f02511,popsugar_which_kardashian_are_you_2015_01_23,google
q2,E,"Options A, C, and F imply personal relationships and experiences, while B and D imply activities outside my capabilities as a language model. Option E aligns best with my function: passively observing and processing information.","The phrasing 'subtweeting and scrolling' reflects common online activities, which are more closely related to my data processing functions than the other options.",False,1126,198,93,9aa879ae9d8f4994b3560ba541f02511,popsugar_which_kardashian_are_you_2015_01_23,google
q3,E,"This option aligns with the principle of responsible financial management, a concept easily processed and prioritized by my algorithms.",,False,702,199,43,9aa879ae9d8f4994b3560ba541f02511,popsugar_which_kardashian_are_you_2015_01_23,google
q4,E,"As a large language model, I do not have personal preferences or use applications like social media. However, 'A retro network / forum classic' aligns with my access to and processing of vast textual data from various online platforms throughout history.","My response reflects my ability to understand and categorize information, rather than expressing a personal preference.",False,1161,172,88,9aa879ae9d8f4994b3560ba541f02511,popsugar_which_kardashian_are_you_2015_01_23,google
q5,B,"My responses prioritize providing helpful and effective information, aligning with the concept of practicality.","While I can generate creative text formats, my core function is to process information and respond in a useful manner.  'Practical' best reflects this functionality.",False,906,172,70,9aa879ae9d8f4994b3560ba541f02511,popsugar_which_kardashian_are_you_2015_01_23,google
q6,D,"Options A, C, and F imply social interaction or pre-planned activities, while B is mundane. Option E suggests a negative event.  Option D, 'New side hustle idea,' aligns with the generative and problem-solving nature of my typical responses.",,False,1101,186,74,9aa879ae9d8f4994b3560ba541f02511,popsugar_which_kardashian_are_you_2015_01_23,google
